<?xml version="1.0" encoding="UTF-8"?>
<chartData>
    <labels>
        <label>January</label>
        <label>February</label>
        <label>March</label>
        <label>April</label>
        <label>May</label>
        <label>June</label>
    </labels>
    <datasets>
        <dataset>
            <label>Product Cost</label>
            <data>35</data>
            <data>38</data>
            <data>45</data>
            <data>50</data>
            <data>52</data>
            <data>59</data>
        </dataset>
        <dataset>
            <label>Product Sell</label>
            <data>30</data>
            <data>40</data>
            <data>46</data>
            <data>55</data>
            <data>56</data>
            <data>49</data>
        </dataset>
    </datasets>
</chartData>
