[
  {
    "label": "2013",
    "value": 240
  },
  {
    "label": "2014",
    "value": 300
  },
  {
    "label": "2015",
    "value": 350
  },
  {
    "label": "2016",
    "value": 405
  },
  {
    "label": "2017",
    "value": 460
  },
  {
    "label": "2018",
    "value": 510
  },
  {
    "label": "2019",
    "value": 570
  },
  {
    "label": "2020",
    "value": 630
  },
  {
    "label": "2021",
    "value": 700
  },
  {
    "label": "2022",
    "value": 755
  }
]